{"cameraMode":{"drawMode":0,"name":"Shaded","section":"Shading Mode"},"sceneLighting":true,"audioPlay":false,"sceneViewState":{"showFog":true,"showMaterialUpdate":false,"showSkybox":true,"showFlares":true,"showImageEffects":true,"showParticleSystems":true},"in2DMode":false,"pivot":{"x":9.296307563781739,"y":-39.030208587646487,"z":62.004913330078128},"rotation":{"x":-0.3242843747138977,"y":-0.017880495637655259,"z":0.006131249945610762,"w":-0.9457954168319702},"size":41.528873443603519,"orthographic":false}